{
    "medications and medical devices": {
        "medication item entry": {
            "medication item cluster": {
                "medication_prescribed_by": "prescribed-at-gp-practice | Prescribed at GP practice",
                "medication_name": {
                    "coded_value": "Metformin 500mg tablets"
                },
                "form": {
                    "coded_value": "385055001 | Tablet (basic dose form)"
                },
                "quantity_supplied": {
                    "value": "56"
                },
                "route": {
                    "coded_value": "26643006 | Oral route (qualifier value)"
                },
                "structured_dose_direction_cluster": {
                    "dose_directions_description": "1 tablet - once a day \u2013 at breakfast \u2013 for 1 week, then 1 tablet twice a day- at breakfast and at dinner \u2013 for 1 week \u2013 up to a maximum of 4 tablet in 1 day, then 1 tablet- 3 times a day \u2013 at breakfast, at dinner and at lunch \u2013 for 1 week \u2013 up to a maximum of 4 tablet in 1 day"
                }
            }
        },
        "medication administration record entry": {
            "": {
                "comment": "Patient has normal renal function "
            }
        }
    }
}